"Name","Price","Id","Title"
"Лампочка Rev LED T125 E27 50W 6500K дневной свет 32421 8","467","Товар №: 509770","Купить Rev LED T125 E27 50W 6500K дневной свет 32421 8 по низкой цене в Москве - Интернет магазин Плеер.ру"
"Лампочка Rubetek RL-3103","1927","Товар №: 577408","Купить Rubetek RL-3103 по низкой цене в Москве - Интернет магазин Плеер.ру"
"Лампочка Gauss Corn Flame E14 5W T65 1500K (живое пламя) 157401105","","Товар №: 567059","Купить Gauss Corn Flame E14 5W T65 1500K (живое пламя) 157401105 по низкой цене в Москве - Интернет магазин Плеер.ру"
"Лампочка Saffit E27/E40 50W 4000K 230V SBHP1050 34438 / 55094","","Товар №: 415571","Купить Saffit E27/E40 50W 4000K 230V SBHP1050 34438 / 55094 по низкой цене в Москве - Интернет магазин Плеер.ру"
"Лампочка Saffit E27/E40 30W 6400K 230V SBHP1030 34441 / 55091","","Товар №: 415569","Купить Saffit E27/E40 30W 6400K 230V SBHP1030 34441 / 55091 по низкой цене в Москве - Интернет магазин Плеер.ру"
"Лампочка Saffit E27/E40 50W 6400K 230V SBHP1050 34439 / 55095","","Товар №: 415570","Купить Saffit E27/E40 50W 6400K 230V SBHP1050 34439 / 55095 по низкой цене в Москве - Интернет магазин Плеер.ру"
"Лампочка In Home LED-ST64-deco E27 7W 3000K 230V 630Lm Gold 4690612008097","235","Товар №: 362858","Купить In Home LED-ST64-deco E27 7W 3000K 230V 630Lm Gold 4690612008097 по низкой цене в Москве - Интернет магазин Плеер.ру"
"Лампочка Rev LED Filament Vintage ST64 E27 5W 2700K DECO Premium теплый свет 32435 5","192","Товар №: 509788","Купить Rev LED Filament Vintage ST64 E27 5W 2700K DECO Premium теплый свет 32435 5 по низкой цене в Москве - Интернет магазин Плеер.ру"
"Лампочка Espada E27-6-M-6W 100-265V с датчиком освещения","406","Товар №: 503273","Купить Espada E27-6-M-6W 100-265V с датчиком освещения по низкой цене в Москве - Интернет магазин Плеер.ру"
